Protein,Ligand,Score
3frd,actives_11a,-8.943
3frd,actives_11b,-8.965
3frd,actives_11c,-9.037
3frd,actives_11d,-8.811
3frd,actives_11e,-9.191
3frd,actives_11f,-8.004
3frd,actives_11g,-9.107
3frd,actives_11h,-8.796
3frd,actives_11i,-9.852
3frd,actives_11j,-8.838
3frd,actives_11k,-9.046
3frd,actives_11l,-8.96
3frd,actives_11m,-9.407
3frd,actives_11n,-9.414
3frd,actives_11o,-9.626
3frd,actives_11p,-10.42
3frd,actives_11q,-9.731
3frd,actives_12a,-8.804
3frd,actives_12b,-8.058
3frd,actives_12c,-8.667
3frd,actives_12d,-8.638
3frd,actives_12e,-8.421
3frd,actives_12f,-8.57
3frd,actives_12g,-8.935
3frd,actives_12h,-8.483
3frd,actives_12i,-8.346
3frd,actives_12j,-8.753
3frd,actives_13a,-9.81
3frd,actives_13b,-9.566
3frd,actives_13c,-8.949
3frd,actives_13d,-9.218
3frd,actives_13e,-9.09
3frd,actives_13f,-8.963
3frd,actives_dhf,-8.365
3frd,decoy_100,-6.515
3frd,decoy_10,-7.492
3frd,decoy_11,-3.997
3frd,decoy_12,-6.767
3frd,decoy_13,-6.699
3frd,decoy_14,-5.614
3frd,decoy_15,-6.311
3frd,decoy_16,-7.548
3frd,decoy_17,-7.244
3frd,decoy_18,-7.665
3frd,decoy_19,-7.885
3frd,decoy_1,-7.478
3frd,decoy_20,-3.35
3frd,decoy_21,-7.123
3frd,decoy_22,-2.85
3frd,decoy_23,-7.727
3frd,decoy_24,-7.046
3frd,decoy_25,-5.119
3frd,decoy_26,-7.556
3frd,decoy_27,-7.902
3frd,decoy_28,-6.205
3frd,decoy_29,-5.76
3frd,decoy_2,-6.73
3frd,decoy_30,-7.491
3frd,decoy_31,-4.396
3frd,decoy_32,-8.837
3frd,decoy_33,-6.752
3frd,decoy_34,-8.672
3frd,decoy_35,-3.296
3frd,decoy_36,-7.864
3frd,decoy_37,-4.923
3frd,decoy_38,-5.283
3frd,decoy_39,-6.937
3frd,decoy_3,-7.77
3frd,decoy_40,-7.31
3frd,decoy_41,-6.447
3frd,decoy_42,-5.683
3frd,decoy_43,-7.462
3frd,decoy_44,-6.647
3frd,decoy_45,-9.26
3frd,decoy_46,-5.686
3frd,decoy_47,-8.384
3frd,decoy_48,-7.172
3frd,decoy_49,-6.311
3frd,decoy_4,-6.653
3frd,decoy_50,-6.474
3frd,decoy_52,-7.279
3frd,decoy_54,-4.308
3frd,decoy_55,-6.321
3frd,decoy_56,-9.052
3frd,decoy_57,-5.948
3frd,decoy_58,-4.771
3frd,decoy_59,-5.94
3frd,decoy_5,-7.521
3frd,decoy_60,-6.118
3frd,decoy_61,-6.042
3frd,decoy_62,-5.763
3frd,decoy_63,-8.097
3frd,decoy_64,-7.73
3frd,decoy_65,-8.208
3frd,decoy_66,-6.315
3frd,decoy_67,-8.082
3frd,decoy_68,-7.459
3frd,decoy_69,-6.677
3frd,decoy_6,-8.565
3frd,decoy_70,-8.389
3frd,decoy_71,-7.379
3frd,decoy_72,-6.116
3frd,decoy_73,-7.564
3frd,decoy_74,-4
3frd,decoy_75,-7.935
3frd,decoy_76,-7.789
3frd,decoy_77,-5.767
3frd,decoy_78,-6.767
3frd,decoy_79,-6.559
3frd,decoy_7,-7.424
3frd,decoy_80,-6.997
3frd,decoy_81,-6.593
3frd,decoy_82,-6.405
3frd,decoy_83,-7.891
3frd,decoy_84,-8.057
3frd,decoy_85,-5.975
3frd,decoy_86,-5.437
3frd,decoy_87,-7.131
3frd,decoy_88,-7.845
3frd,decoy_89,-6.639
3frd,decoy_8,-3.775
3frd,decoy_90,-8.387
3frd,decoy_91,-7.205
3frd,decoy_92,-7.76
3frd,decoy_93,-6.066
3frd,decoy_94,-7.369
3frd,decoy_95,-7.597
3frd,decoy_96,-6.66
3frd,decoy_97,-7.535
3frd,decoy_98,-8.368
3frd,decoy_99,-8.247
3frd,decoy_9,-3.205
