Protein,Ligand,Score
6pra,actives_11a,-8.082
6pra,actives_11b,-8.363
6pra,actives_11c,-8.162
6pra,actives_11d,-8.072
6pra,actives_11e,-8.194
6pra,actives_11f,-7.705
6pra,actives_11g,-8.261
6pra,actives_11h,-8.304
6pra,actives_11i,-8.557
6pra,actives_11j,-7.96
6pra,actives_11k,-8.998
6pra,actives_11l,-8.583
6pra,actives_11m,-8.458
6pra,actives_11n,-8.5
6pra,actives_11o,-8.276
6pra,actives_11p,-7.985
6pra,actives_11q,-7.874
6pra,actives_12a,-6.968
6pra,actives_12b,-7.445
6pra,actives_12c,-7.778
6pra,actives_12d,-7.232
6pra,actives_12e,-7.975
6pra,actives_12f,-8.393
6pra,actives_12g,-7.837
6pra,actives_12h,-7.358
6pra,actives_12i,-6.807
6pra,actives_12j,-8.073
6pra,actives_13a,-8.361
6pra,actives_13b,-7.981
6pra,actives_13c,-8.104
6pra,actives_13d,-8.219
6pra,actives_13e,-8.154
6pra,actives_13f,-9.167
6pra,actives_dhf,-7.817
6pra,decoy_100,-5.938
6pra,decoy_10,-7.267
6pra,decoy_11,-3.927
6pra,decoy_12,-6.34
6pra,decoy_13,-6.741
6pra,decoy_14,-5.514
6pra,decoy_15,-6.171
6pra,decoy_16,-6.675
6pra,decoy_17,-6.521
6pra,decoy_18,-7.006
6pra,decoy_19,-7.336
6pra,decoy_1,-7.123
6pra,decoy_20,-3.323
6pra,decoy_21,-7.072
6pra,decoy_22,-3.005
6pra,decoy_23,-6.772
6pra,decoy_24,-6.59
6pra,decoy_25,-4.651
6pra,decoy_26,-6.748
6pra,decoy_27,-7.01
6pra,decoy_28,-5.825
6pra,decoy_29,-5.383
6pra,decoy_2,-6.047
6pra,decoy_30,-7.273
6pra,decoy_31,-4.183
6pra,decoy_32,-8.611
6pra,decoy_33,-6.275
6pra,decoy_34,-8.094
6pra,decoy_35,-3.068
6pra,decoy_36,-6.956
6pra,decoy_37,-4.621
6pra,decoy_38,-5.327
6pra,decoy_39,-6.737
6pra,decoy_3,-6.964
6pra,decoy_40,-6.897
6pra,decoy_41,-6.204
6pra,decoy_42,-5.233
6pra,decoy_43,-6.947
6pra,decoy_44,-6.148
6pra,decoy_45,-8.474
6pra,decoy_46,-5.61
6pra,decoy_47,-8.495
6pra,decoy_48,-6.98
6pra,decoy_49,-5.937
6pra,decoy_4,-6.369
6pra,decoy_50,-6.328
6pra,decoy_52,-6.747
6pra,decoy_54,-4.265
6pra,decoy_55,-5.871
6pra,decoy_56,-7.285
6pra,decoy_57,-5.387
6pra,decoy_58,-4.613
6pra,decoy_59,-5.78
6pra,decoy_5,-7.25
6pra,decoy_60,-5.345
6pra,decoy_61,-5.838
6pra,decoy_62,-5.387
6pra,decoy_63,-7.164
6pra,decoy_64,-7.242
6pra,decoy_65,-7.935
6pra,decoy_66,-6.243
6pra,decoy_67,-6.948
6pra,decoy_68,-6.921
6pra,decoy_69,-6.677
6pra,decoy_6,-8.26
6pra,decoy_70,-6.651
6pra,decoy_71,-6.831
6pra,decoy_72,-5.795
6pra,decoy_73,-6.711
6pra,decoy_74,-3.904
6pra,decoy_75,-7.961
6pra,decoy_76,-6.674
6pra,decoy_77,-5.509
6pra,decoy_78,-6.941
6pra,decoy_79,-6.176
6pra,decoy_7,-6.733
6pra,decoy_80,-6.137
6pra,decoy_81,-6.349
6pra,decoy_82,-5.854
6pra,decoy_83,-7.183
6pra,decoy_84,-7.689
6pra,decoy_85,-5.528
6pra,decoy_86,-5.266
6pra,decoy_87,-6.426
6pra,decoy_88,-7.678
6pra,decoy_89,-6.081
6pra,decoy_8,-3.702
6pra,decoy_90,-7.683
6pra,decoy_91,-6.572
6pra,decoy_92,-7.256
6pra,decoy_93,-5.726
6pra,decoy_94,-6.791
6pra,decoy_95,-6.914
6pra,decoy_96,-6.337
6pra,decoy_97,-6.862
6pra,decoy_98,-7.776
6pra,decoy_99,-8.104
6pra,decoy_9,-3.424
