Protein,Ligand,Score
6pr6,actives_11a,-10.02
6pr6,actives_11b,-10.92
6pr6,actives_11c,-10.26
6pr6,actives_11d,-9.746
6pr6,actives_11e,-10.25
6pr6,actives_11f,-10.27
6pr6,actives_11g,-10.27
6pr6,actives_11h,-10.9
6pr6,actives_11i,-10.91
6pr6,actives_11j,-10.39
6pr6,actives_11k,-11.23
6pr6,actives_11l,-10.99
6pr6,actives_11m,-10.76
6pr6,actives_11n,-10.33
6pr6,actives_11o,-10.51
6pr6,actives_11p,-11.68
6pr6,actives_11q,-10.29
6pr6,actives_12a,-9.279
6pr6,actives_12b,-8.655
6pr6,actives_12c,-9.525
6pr6,actives_12d,-9.446
6pr6,actives_12e,-8.324
6pr6,actives_12f,-9.975
6pr6,actives_12g,-10.11
6pr6,actives_12h,-9.994
6pr6,actives_12i,-9.432
6pr6,actives_12j,-9.549
6pr6,actives_13a,-10.29
6pr6,actives_13b,-10.19
6pr6,actives_13c,-10.15
6pr6,actives_13d,-10.04
6pr6,actives_13e,-9.066
6pr6,actives_13f,-10.13
6pr6,actives_dhf,-8.68
6pr6,decoy_100,-7.181
6pr6,decoy_10,-8.022
6pr6,decoy_11,-4.068
6pr6,decoy_12,-7.304
6pr6,decoy_13,-6.907
6pr6,decoy_14,-6.016
6pr6,decoy_15,-6.257
6pr6,decoy_16,-8.366
6pr6,decoy_17,-7.354
6pr6,decoy_18,-7.823
6pr6,decoy_19,-7.926
6pr6,decoy_1,-7.631
6pr6,decoy_20,-3.305
6pr6,decoy_21,-7.462
6pr6,decoy_22,-2.937
6pr6,decoy_23,-8.661
6pr6,decoy_24,-7.175
6pr6,decoy_25,-4.847
6pr6,decoy_26,-7.087
6pr6,decoy_27,-8.071
6pr6,decoy_28,-6.541
6pr6,decoy_29,-6.037
6pr6,decoy_2,-6.688
6pr6,decoy_30,-8.07
6pr6,decoy_31,-4.522
6pr6,decoy_32,-9.412
6pr6,decoy_33,-7.148
6pr6,decoy_34,-8.408
6pr6,decoy_35,-3.438
6pr6,decoy_36,-8.298
6pr6,decoy_37,-4.79
6pr6,decoy_38,-5.807
6pr6,decoy_39,-7.267
6pr6,decoy_3,-8.014
6pr6,decoy_40,-7.733
6pr6,decoy_41,-6.636
6pr6,decoy_42,-6.434
6pr6,decoy_43,-8.103
6pr6,decoy_44,-7.088
6pr6,decoy_45,-9.234
6pr6,decoy_46,-5.92
6pr6,decoy_47,-8.44
6pr6,decoy_48,-7.49
6pr6,decoy_49,-6.561
6pr6,decoy_4,-6.802
6pr6,decoy_50,-6.915
6pr6,decoy_52,-8.111
6pr6,decoy_54,-4.208
6pr6,decoy_55,-6.641
6pr6,decoy_56,-10.37
6pr6,decoy_57,-5.663
6pr6,decoy_58,-4.97
6pr6,decoy_59,-6.116
6pr6,decoy_5,-8.759
6pr6,decoy_60,-6.431
6pr6,decoy_61,-6.894
6pr6,decoy_62,-6.035
6pr6,decoy_63,-8.656
6pr6,decoy_64,-7.987
6pr6,decoy_65,-8.668
6pr6,decoy_66,-6.904
6pr6,decoy_67,-8.904
6pr6,decoy_68,-7.086
6pr6,decoy_69,-7.018
6pr6,decoy_6,-8.855
6pr6,decoy_70,-8.538
6pr6,decoy_71,-8.46
6pr6,decoy_72,-6.549
6pr6,decoy_73,-7.547
6pr6,decoy_74,-3.904
6pr6,decoy_75,-8.715
6pr6,decoy_76,-7.717
6pr6,decoy_77,-5.759
6pr6,decoy_78,-7.273
6pr6,decoy_79,-6.248
6pr6,decoy_7,-8.398
6pr6,decoy_80,-6.689
6pr6,decoy_81,-7.21
6pr6,decoy_82,-6.766
6pr6,decoy_83,-8.03
6pr6,decoy_84,-8.507
6pr6,decoy_85,-6.06
6pr6,decoy_86,-6.256
6pr6,decoy_87,-7.209
6pr6,decoy_88,-8.617
6pr6,decoy_89,-7.346
6pr6,decoy_8,-3.876
6pr6,decoy_90,-8.811
6pr6,decoy_91,-7.485
6pr6,decoy_92,-8.144
6pr6,decoy_93,-6.356
6pr6,decoy_94,-7.492
6pr6,decoy_95,-7.849
6pr6,decoy_96,-7.138
6pr6,decoy_97,-7.757
6pr6,decoy_98,-9.236
6pr6,decoy_99,-7.714
6pr6,decoy_9,-3.502
